{
    "0": 0.0, 
    "1": 0.013333333333333334, 
    "2": 0.04444444444444444, 
    "3": 0.062222222222222213, 
    "4": 0.07555555555555556, 
    "5": 0.10666666666666666, 
    "6": 0.1111111111111111, 
    "7": 0.1288888888888889, 
    "8": 0.14666666666666667, 
    "9": 0.17333333333333334, 
    "10": 0.20444444444444448, 
    "11": 0.21333333333333337, 
    "12": 0.2355555555555556, 
    "13": 0.2488888888888889, 
    "14": 0.25777777777777783, 
    "15": 0.2844444444444445, 
    "16": 0.2977777777777778, 
    "17": 0.31555555555555564, 
    "18": 0.32000000000000006, 
    "19": 0.34222222222222226, 
    "20": 0.3466666666666667, 
    "21": 0.35111111111111115, 
    "22": 0.3600000000000001, 
    "23": 0.3777777777777779, 
    "24": 0.3866666666666667, 
    "25": 0.39555555555555555, 
    "26": 0.40888888888888897, 
    "27": 0.42666666666666675, 
    "28": 0.44000000000000006, 
    "29": 0.44444444444444453, 
    "30": 0.45333333333333337, 
    "31": 0.4666666666666667, 
    "32": 0.4800000000000001, 
    "33": 0.4844444444444445, 
    "34": 0.5111111111111112, 
    "35": 0.52, 
    "36": 0.52, 
    "37": 0.5244444444444444, 
    "38": 0.5377777777777778, 
    "39": 0.5422222222222222, 
    "40": 0.5555555555555556, 
    "41": 0.5733333333333334, 
    "42": 0.5911111111111111, 
    "43": 0.5955555555555556, 
    "44": 0.6088888888888888, 
    "45": 0.6088888888888888, 
    "46": 0.6133333333333333, 
    "47": 0.6222222222222221, 
    "48": 0.6399999999999999, 
    "49": 0.6444444444444443, 
    "50": 0.6533333333333331, 
    "51": 0.6711111111111111, 
    "52": 0.6755555555555556, 
    "53": 0.6799999999999999, 
    "54": 0.6888888888888888, 
    "55": 0.6977777777777777, 
    "56": 0.6977777777777777, 
    "57": 0.7022222222222221, 
    "58": 0.7022222222222221, 
    "59": 0.7066666666666666, 
    "60": 0.7066666666666666, 
    "61": 0.7066666666666666, 
    "62": 0.7066666666666666, 
    "63": 0.7111111111111109, 
    "64": 0.7155555555555555, 
    "65": 0.7155555555555555, 
    "66": 0.72, 
    "67": 0.7288888888888888, 
    "68": 0.7377777777777778, 
    "69": 0.7377777777777778, 
    "70": 0.7422222222222222, 
    "71": 0.7466666666666666, 
    "72": 0.7466666666666666, 
    "73": 0.7511111111111111, 
    "74": 0.7555555555555554, 
    "75": 0.768888888888889, 
    "76": 0.768888888888889, 
    "77": 0.768888888888889, 
    "78": 0.7733333333333334, 
    "79": 0.7777777777777779, 
    "80": 0.7777777777777779, 
    "81": 0.7822222222222223, 
    "82": 0.7866666666666667, 
    "83": 0.7911111111111111, 
    "84": 0.7911111111111111, 
    "85": 0.7911111111111111, 
    "86": 0.8, 
    "87": 0.8088888888888889, 
    "88": 0.8133333333333332, 
    "89": 0.8133333333333332, 
    "90": 0.8177777777777778, 
    "91": 0.8222222222222223, 
    "92": 0.8266666666666667, 
    "93": 0.8266666666666667, 
    "94": 0.8266666666666667, 
    "95": 0.8311111111111111, 
    "96": 0.8355555555555557, 
    "97": 0.8400000000000001, 
    "98": 0.8400000000000001, 
    "99": 0.8577777777777781, 
    "100": 0.8577777777777781, 
    "101": 0.8577777777777781, 
    "102": 0.8666666666666669, 
    "103": 0.8711111111111113, 
    "104": 0.8711111111111113, 
    "105": 0.8844444444444446, 
    "106": 0.8888888888888891, 
    "107": 0.8888888888888891, 
    "108": 0.8933333333333334, 
    "109": 0.8933333333333334, 
    "110": 0.8933333333333334, 
    "111": 0.8933333333333334, 
    "112": 0.8933333333333334, 
    "113": 0.8933333333333334, 
    "114": 0.8933333333333334, 
    "115": 0.8933333333333334, 
    "116": 0.8977777777777779, 
    "117": 0.9022222222222224, 
    "118": 0.9022222222222224, 
    "119": 0.9066666666666667, 
    "120": 0.9111111111111113, 
    "121": 0.9111111111111113, 
    "122": 0.9111111111111113, 
    "123": 0.9155555555555558, 
    "124": 0.9155555555555558, 
    "125": 0.9155555555555558, 
    "126": 0.9200000000000002, 
    "127": 0.9244444444444446, 
    "128": 0.9377777777777779, 
    "129": 0.9377777777777779, 
    "130": 0.9377777777777779, 
    "131": 0.9377777777777779, 
    "132": 0.9466666666666668, 
    "133": 0.9466666666666668, 
    "134": 0.9466666666666668, 
    "135": 0.9466666666666668, 
    "136": 0.9555555555555556, 
    "137": 0.9600000000000001, 
    "138": 0.9600000000000001, 
    "139": 0.9600000000000001, 
    "140": 0.9644444444444445, 
    "141": 0.9644444444444445, 
    "142": 0.9644444444444445, 
    "143": 0.9644444444444445, 
    "144": 0.9644444444444445, 
    "145": 0.968888888888889, 
    "146": 0.968888888888889, 
    "147": 0.968888888888889, 
    "148": 0.968888888888889, 
    "149": 0.968888888888889, 
    "150": 0.968888888888889, 
    "151": 0.968888888888889, 
    "152": 0.968888888888889, 
    "153": 0.968888888888889, 
    "154": 0.968888888888889, 
    "155": 0.968888888888889, 
    "156": 0.968888888888889, 
    "157": 0.968888888888889, 
    "158": 0.968888888888889, 
    "159": 0.968888888888889, 
    "160": 0.968888888888889, 
    "161": 0.968888888888889, 
    "162": 0.9733333333333334, 
    "163": 0.9733333333333334, 
    "164": 0.9777777777777779, 
    "165": 0.9777777777777779, 
    "166": 0.9777777777777779, 
    "167": 0.9777777777777779, 
    "168": 0.9777777777777779, 
    "169": 0.9822222222222223, 
    "170": 0.9822222222222223, 
    "171": 0.9822222222222223, 
    "172": 0.9822222222222223, 
    "173": 0.9822222222222223, 
    "174": 0.9822222222222223, 
    "175": 0.9822222222222223, 
    "176": 0.9822222222222223, 
    "177": 0.9822222222222223, 
    "178": 0.9822222222222223, 
    "179": 0.9822222222222223, 
    "180": 0.9822222222222223, 
    "181": 0.9822222222222223, 
    "182": 0.9822222222222223, 
    "183": 0.9822222222222223, 
    "184": 0.9822222222222223, 
    "185": 0.9822222222222223, 
    "186": 0.9822222222222223, 
    "187": 0.9822222222222223, 
    "188": 0.9822222222222223, 
    "189": 0.9822222222222223, 
    "190": 0.9822222222222223, 
    "191": 0.9822222222222223, 
    "192": 0.9822222222222223, 
    "193": 0.9822222222222223, 
    "194": 0.9822222222222223, 
    "195": 0.9822222222222223, 
    "196": 0.9822222222222223, 
    "197": 0.9822222222222223, 
    "198": 0.9822222222222223, 
    "199": 0.9822222222222223, 
    "200": 0.9822222222222223, 
    "201": 0.9822222222222223, 
    "202": 0.9822222222222223, 
    "203": 0.9822222222222223, 
    "204": 0.9822222222222223, 
    "205": 0.9822222222222223, 
    "206": 0.9822222222222223, 
    "207": 0.9822222222222223, 
    "208": 0.9822222222222223, 
    "209": 0.9822222222222223, 
    "210": 0.9822222222222223, 
    "211": 0.9822222222222223, 
    "212": 0.9822222222222223, 
    "213": 0.9822222222222223, 
    "214": 0.9822222222222223, 
    "215": 0.9822222222222223, 
    "216": 0.9822222222222223, 
    "217": 0.9822222222222223, 
    "218": 0.9822222222222223, 
    "219": 0.9822222222222223, 
    "220": 0.9822222222222223, 
    "221": 0.9822222222222223, 
    "222": 0.9822222222222223, 
    "223": 0.9822222222222223, 
    "224": 0.9822222222222223, 
    "225": 0.9822222222222223, 
    "226": 0.9822222222222223, 
    "227": 0.9822222222222223, 
    "228": 0.9822222222222223, 
    "229": 0.9822222222222223, 
    "230": 0.9866666666666667, 
    "231": 0.9866666666666667, 
    "232": 0.9866666666666667, 
    "233": 0.9866666666666667, 
    "234": 0.9866666666666667, 
    "235": 0.9866666666666667, 
    "236": 0.9866666666666667, 
    "237": 0.9866666666666667, 
    "238": 0.9866666666666667, 
    "239": 0.9866666666666667, 
    "240": 0.9866666666666667, 
    "241": 0.9866666666666667, 
    "242": 0.9866666666666667, 
    "243": 0.9866666666666667, 
    "244": 0.9911111111111112, 
    "245": 0.9911111111111112, 
    "246": 0.9911111111111112, 
    "247": 0.9911111111111112, 
    "248": 0.9911111111111112, 
    "249": 0.9911111111111112, 
    "250": 0.9911111111111112, 
    "251": 0.9955555555555555, 
    "252": 0.9955555555555555, 
    "253": 0.9955555555555555, 
    "254": 0.9955555555555555,