{
    "0": 0.0, 
    "1": 0.0044444444444444444, 
    "2": 0.031111111111111107, 
    "3": 0.048888888888888885, 
    "4": 0.06666666666666667, 
    "5": 0.08888888888888888, 
    "6": 0.09777777777777777, 
    "7": 0.10666666666666666, 
    "8": 0.11999999999999998, 
    "9": 0.13333333333333333, 
    "10": 0.15555555555555556, 
    "11": 0.16444444444444448, 
    "12": 0.19555555555555557, 
    "13": 0.22666666666666668, 
    "14": 0.23111111111111116, 
    "15": 0.24888888888888897, 
    "16": 0.27111111111111114, 
    "17": 0.2888888888888889, 
    "18": 0.29777777777777786, 
    "19": 0.32000000000000006, 
    "20": 0.3288888888888889, 
    "21": 0.33777777777777784, 
    "22": 0.36, 
    "23": 0.36444444444444446, 
    "24": 0.3777777777777778, 
    "25": 0.38666666666666666, 
    "26": 0.39555555555555555, 
    "27": 0.40444444444444444, 
    "28": 0.41777777777777775, 
    "29": 0.43111111111111106, 
    "30": 0.44, 
    "31": 0.45333333333333325, 
    "32": 0.45777777777777773, 
    "33": 0.47555555555555545, 
    "34": 0.4799999999999999, 
    "35": 0.4888888888888889, 
    "36": 0.5022222222222222, 
    "37": 0.5066666666666666, 
    "38": 0.52, 
    "39": 0.52, 
    "40": 0.5244444444444444, 
    "41": 0.5333333333333333, 
    "42": 0.5377777777777778, 
    "43": 0.5422222222222222, 
    "44": 0.551111111111111, 
    "45": 0.5644444444444443, 
    "46": 0.5688888888888889, 
    "47": 0.5688888888888889, 
    "48": 0.5822222222222222, 
    "49": 0.5866666666666666, 
    "50": 0.5999999999999999, 
    "51": 0.6133333333333333, 
    "52": 0.6222222222222221, 
    "53": 0.6266666666666666, 
    "54": 0.631111111111111, 
    "55": 0.6355555555555554, 
    "56": 0.6533333333333332, 
    "57": 0.6622222222222222, 
    "58": 0.6666666666666665, 
    "59": 0.6799999999999998, 
    "60": 0.6888888888888887, 
    "61": 0.6933333333333332, 
    "62": 0.7066666666666667, 
    "63": 0.711111111111111, 
    "64": 0.7200000000000001, 
    "65": 0.7288888888888889, 
    "66": 0.7377777777777778, 
    "67": 0.7422222222222222, 
    "68": 0.7422222222222222, 
    "69": 0.7466666666666666, 
    "70": 0.7511111111111111, 
    "71": 0.76, 
    "72": 0.7688888888888888, 
    "73": 0.7733333333333333, 
    "74": 0.7733333333333333, 
    "75": 0.7733333333333333, 
    "76": 0.7777777777777779, 
    "77": 0.7822222222222223, 
    "78": 0.7866666666666668, 
    "79": 0.7866666666666668, 
    "80": 0.7911111111111112, 
    "81": 0.7911111111111112, 
    "82": 0.7911111111111112, 
    "83": 0.8000000000000002, 
    "84": 0.8000000000000002, 
    "85": 0.8000000000000002, 
    "86": 0.8000000000000002, 
    "87": 0.8044444444444445, 
    "88": 0.8133333333333336, 
    "89": 0.8133333333333336, 
    "90": 0.8133333333333336, 
    "91": 0.8133333333333336, 
    "92": 0.8133333333333336, 
    "93": 0.8133333333333336, 
    "94": 0.8266666666666668, 
    "95": 0.8266666666666668, 
    "96": 0.8266666666666668, 
    "97": 0.8266666666666668, 
    "98": 0.8266666666666668, 
    "99": 0.8266666666666668, 
    "100": 0.8266666666666668, 
    "101": 0.8266666666666668, 
    "102": 0.8266666666666668, 
    "103": 0.8266666666666668, 
    "104": 0.8266666666666668, 
    "105": 0.8266666666666668, 
    "106": 0.8266666666666668, 
    "107": 0.8266666666666668, 
    "108": 0.8266666666666668, 
    "109": 0.8266666666666668, 
    "110": 0.8355555555555557, 
    "111": 0.8400000000000001, 
    "112": 0.848888888888889, 
    "113": 0.8533333333333335, 
    "114": 0.8533333333333335, 
    "115": 0.8533333333333335, 
    "116": 0.8533333333333335, 
    "117": 0.8533333333333335, 
    "118": 0.857777777777778, 
    "119": 0.857777777777778, 
    "120": 0.857777777777778, 
    "121": 0.857777777777778, 
    "122": 0.857777777777778, 
    "123": 0.857777777777778, 
    "124": 0.857777777777778, 
    "125": 0.857777777777778, 
    "126": 0.857777777777778, 
    "127": 0.8666666666666668, 
    "128": 0.8666666666666668, 
    "129": 0.8800000000000001, 
    "130": 0.888888888888889, 
    "131": 0.888888888888889, 
    "132": 0.888888888888889, 
    "133": 0.888888888888889, 
    "134": 0.888888888888889, 
    "135": 0.8933333333333333, 
    "136": 0.8933333333333333, 
    "137": 0.8977777777777778, 
    "138": 0.9066666666666666, 
    "139": 0.9111111111111111, 
    "140": 0.9111111111111111, 
    "141": 0.9111111111111111, 
    "142": 0.9111111111111111, 
    "143": 0.9111111111111111, 
    "144": 0.9111111111111111, 
    "145": 0.9111111111111111, 
    "146": 0.9111111111111111, 
    "147": 0.9111111111111111, 
    "148": 0.9111111111111111, 
    "149": 0.9111111111111111, 
    "150": 0.9111111111111111, 
    "151": 0.9111111111111111, 
    "152": 0.9111111111111111, 
    "153": 0.9111111111111111, 
    "154": 0.9155555555555555, 
    "155": 0.9199999999999999, 
    "156": 0.9244444444444445, 
    "157": 0.9244444444444445, 
    "158": 0.9288888888888889, 
    "159": 0.9333333333333333, 
    "160": 0.9333333333333333, 
    "161": 0.9333333333333333, 
    "162": 0.9333333333333333, 
    "163": 0.9333333333333333, 
    "164": 0.9333333333333333, 
    "165": 0.9333333333333333, 
    "166": 0.9333333333333333, 
    "167": 0.9333333333333333, 
    "168": 0.9333333333333333, 
    "169": 0.9377777777777779, 
    "170": 0.9377777777777779, 
    "171": 0.9377777777777779, 
    "172": 0.9422222222222223, 
    "173": 0.9511111111111111, 
    "174": 0.9511111111111111, 
    "175": 0.9511111111111111, 
    "176": 0.9511111111111111, 
    "177": 0.9511111111111111, 
    "178": 0.9511111111111111, 
    "179": 0.9555555555555556, 
    "180": 0.9555555555555556, 
    "181": 0.9555555555555556, 
    "182": 0.9555555555555556, 
    "183": 0.9555555555555556, 
    "184": 0.9555555555555556, 
    "185": 0.9600000000000001, 
    "186": 0.9600000000000001, 
    "187": 0.9600000000000001, 
    "188": 0.9600000000000001, 
    "189": 0.9644444444444445, 
    "190": 0.9644444444444445, 
    "191": 0.968888888888889, 
    "192": 0.9733333333333334, 
    "193": 0.9733333333333334, 
    "194": 0.9733333333333334, 
    "195": 0.9733333333333334, 
    "196": 0.9733333333333334, 
    "197": 0.9733333333333334, 
    "198": 0.9777777777777779, 
    "199": 0.9777777777777779, 
    "200": 0.9822222222222223, 
    "201": 0.9822222222222223, 
    "202": 0.9822222222222223, 
    "203": 0.9822222222222223, 
    "204": 0.9822222222222223, 
    "205": 0.9866666666666667, 
    "206": 0.9866666666666667, 
    "207": 0.9866666666666667, 
    "208": 0.9866666666666667, 
    "209": 0.9911111111111112, 
    "210": 0.9911111111111112, 
    "211": 0.9911111111111112, 
    "212": 0.9911111111111112, 
    "213": 0.9911111111111112, 
    "214": 0.9911111111111112, 
    "215": 0.9911111111111112, 
    "216": 0.9911111111111112, 
    "217": 0.9911111111111112, 
    "218": 0.9911111111111112, 
    "219": 0.9911111111111112, 
    "220": 0.9911111111111112, 
    "221": 0.9911111111111112, 
    "222": 0.9911111111111112, 
    "223": 0.9911111111111112, 
    "224": 0.9911111111111112, 
    "225": 0.9955555555555555, 
    "226": 0.9955555555555555, 
    "227": 0.9955555555555555, 
    "228": 0.9955555555555555, 
    "229": 0.9955555555555555, 
    "230": 0.9955555555555555, 
    "231": 0.9955555555555555, 
    "232": 0.9955555555555555, 
    "233": 0.9955555555555555, 
    "234": 0.9955555555555555, 
    "235": 0.9955555555555555, 
    "236": 0.9955555555555555, 
    "237": 0.9955555555555555, 
    "238": 0.9955555555555555, 
    "239": 0.9955555555555555, 
    "240": 0.9955555555555555, 
    "241": 0.9955555555555555, 
    "242": 0.9955555555555555, 
    "243": 0.9955555555555555, 
    "244": 0.9955555555555555, 
    "245": 0.9955555555555555, 
    "246": 0.9955555555555555, 
    "247": 0.9955555555555555, 
    "248": 0.9955555555555555, 
    "249": 0.9955555555555555, 
    "250": 0.9955555555555555, 
    "251": 0.9955555555555555, 
    "252": 0.9955555555555555, 
    "253": 0.9955555555555555, 
    "254": 0.9955555555555555,