{
    "0": 0.0, 
    "1": 0.0, 
    "2": 0.0, 
    "3": 0.0, 
    "4": 0.0, 
    "5": 0.0, 
    "6": 0.0, 
    "7": 0.0, 
    "8": 0.0, 
    "9": 0.0, 
    "10": 0.0, 
    "11": 0.0, 
    "12": 0.0, 
    "13": 0.0, 
    "14": 0.0, 
    "15": 0.0, 
    "16": 0.06666666666666667, 
    "17": 0.06666666666666667, 
    "18": 0.13333333333333333, 
    "19": 0.2, 
    "20": 0.2, 
    "21": 0.2, 
    "22": 0.26666666666666666, 
    "23": 0.26666666666666666, 
    "24": 0.3333333333333333, 
    "25": 0.4, 
    "26": 0.4666666666666667, 
    "27": 0.4666666666666667, 
    "28": 0.5333333333333333, 
    "29": 0.5333333333333333, 
    "30": 0.5333333333333333, 
    "31": 0.5333333333333333, 
    "32": 0.5333333333333333, 
    "33": 0.6, 
    "34": 0.6, 
    "35": 0.6, 
    "36": 0.6, 
    "37": 0.6, 
    "38": 0.6, 
    "39": 0.6, 
    "40": 0.6666666666666666, 
    "41": 0.6666666666666666, 
    "42": 0.7333333333333333, 
    "43": 0.7333333333333333, 
    "44": 0.7333333333333333, 
    "45": 0.8, 
    "46": 0.8, 
    "47": 0.8, 
    "48": 0.8666666666666667, 
    "49": 0.8666666666666667, 
    "50": 0.8666666666666667, 
    "51": 0.8666666666666667, 
    "52": 0.8666666666666667, 
    "53": 0.9333333333333333, 
    "54": 0.9333333333333333, 
    "55": 0.9333333333333333, 
    "56": 1.0, 
    "57": 1.0, 
    "58": 1.0, 
    "59": 1.0
}