{
    "0": 0.0, 
    "1": 0.01666666666666667, 
    "2": 0.03666666666666667, 
    "3": 0.04666666666666667, 
    "4": 0.06333333333333332, 
    "5": 0.08666666666666667, 
    "6": 0.10666666666666666, 
    "7": 0.12333333333333336, 
    "8": 0.13666666666666671, 
    "9": 0.15333333333333338, 
    "10": 0.15666666666666668, 
    "11": 0.19333333333333333, 
    "12": 0.21333333333333337, 
    "13": 0.22000000000000003, 
    "14": 0.2166666666666667, 
    "15": 0.24333333333333335, 
    "16": 0.25, 
    "17": 0.27, 
    "18": 0.2833333333333333, 
    "19": 0.2966666666666667, 
    "20": 0.31, 
    "21": 0.31333333333333335, 
    "22": 0.32333333333333336, 
    "23": 0.33666666666666667, 
    "24": 0.35, 
    "25": 0.3633333333333334, 
    "26": 0.3633333333333334, 
    "27": 0.37, 
    "28": 0.37666666666666665, 
    "29": 0.39666666666666667, 
    "30": 0.4066666666666666, 
    "31": 0.4133333333333333, 
    "32": 0.43, 
    "33": 0.43999999999999995, 
    "34": 0.4466666666666666, 
    "35": 0.4533333333333333, 
    "36": 0.47333333333333333, 
    "37": 0.4699999999999999, 
    "38": 0.4766666666666667, 
    "39": 0.4933333333333333, 
    "40": 0.4966666666666667, 
    "41": 0.5033333333333333, 
    "42": 0.51, 
    "43": 0.5266666666666666, 
    "44": 0.5266666666666666, 
    "45": 0.5333333333333333, 
    "46": 0.53, 
    "47": 0.53, 
    "48": 0.5366666666666666, 
    "49": 0.5466666666666666, 
    "50": 0.5566666666666666, 
    "51": 0.5599999999999999, 
    "52": 0.5666666666666667, 
    "53": 0.5799999999999998, 
    "54": 0.5799999999999998, 
    "55": 0.5833333333333333, 
    "56": 0.6033333333333333, 
    "57": 0.61, 
    "58": 0.6133333333333333, 
    "59": 0.6166666666666666, 
    "60": 0.6199999999999999, 
    "61": 0.6299999999999999, 
    "62": 0.6366666666666665, 
    "63": 0.6499999999999998, 
    "64": 0.6533333333333331, 
    "65": 0.6566666666666665, 
    "66": 0.6633333333333331, 
    "67": 0.6666666666666664, 
    "68": 0.6699999999999998, 
    "69": 0.6699999999999999, 
    "70": 0.6699999999999999, 
    "71": 0.6666666666666665, 
    "72": 0.6699999999999998, 
    "73": 0.6799999999999999, 
    "74": 0.6899999999999998, 
    "75": 0.6933333333333331, 
    "76": 0.6966666666666665, 
    "77": 0.6966666666666665, 
    "78": 0.7133333333333333, 
    "79": 0.72, 
    "80": 0.7266666666666667, 
    "81": 0.7366666666666667, 
    "82": 0.7433333333333334, 
    "83": 0.7533333333333334, 
    "84": 0.7600000000000001, 
    "85": 0.7666666666666668, 
    "86": 0.7633333333333334, 
    "87": 0.7800000000000001, 
    "88": 0.7900000000000001, 
    "89": 0.7933333333333334, 
    "90": 0.7933333333333334, 
    "91": 0.7933333333333334, 
    "92": 0.7933333333333334, 
    "93": 0.7966666666666667, 
    "94": 0.8, 
    "95": 0.8, 
    "96": 0.8033333333333333, 
    "97": 0.8033333333333333, 
    "98": 0.8033333333333333, 
    "99": 0.8066666666666666, 
    "100": 0.8066666666666669, 
    "101": 0.8033333333333335, 
    "102": 0.8066666666666669, 
    "103": 0.8066666666666666, 
    "104": 0.8133333333333332, 
    "105": 0.8166666666666667, 
    "106": 0.8166666666666667, 
    "107": 0.8166666666666667, 
    "108": 0.8233333333333333, 
    "109": 0.8266666666666668, 
    "110": 0.8266666666666668, 
    "111": 0.8299999999999998, 
    "112": 0.8333333333333334, 
    "113": 0.8400000000000001, 
    "114": 0.8466666666666669, 
    "115": 0.8500000000000002, 
    "116": 0.8500000000000002, 
    "117": 0.8500000000000002, 
    "118": 0.8533333333333335, 
    "119": 0.8533333333333335, 
    "120": 0.8566666666666668, 
    "121": 0.8633333333333335, 
    "122": 0.8633333333333335, 
    "123": 0.8633333333333335, 
    "124": 0.8633333333333335, 
    "125": 0.8600000000000001, 
    "126": 0.8633333333333335, 
    "127": 0.8633333333333335, 
    "128": 0.8600000000000001, 
    "129": 0.8566666666666668, 
    "130": 0.8566666666666668, 
    "131": 0.8566666666666668, 
    "132": 0.8600000000000001, 
    "133": 0.8533333333333335, 
    "134": 0.8600000000000001, 
    "135": 0.8600000000000001, 
    "136": 0.8633333333333335, 
    "137": 0.8666666666666668, 
    "138": 0.8633333333333335, 
    "139": 0.8633333333333335, 
    "140": 0.8700000000000001, 
    "141": 0.8733333333333334, 
    "142": 0.8733333333333334, 
    "143": 0.8733333333333334, 
    "144": 0.8800000000000001, 
    "145": 0.8766666666666667, 
    "146": 0.8800000000000001, 
    "147": 0.8866666666666667, 
    "148": 0.8833333333333334, 
    "149": 0.89, 
    "150": 0.8866666666666667, 
    "151": 0.8966666666666667, 
    "152": 0.8933333333333333, 
    "153": 0.8933333333333333, 
    "154": 0.8933333333333333, 
    "155": 0.8966666666666667, 
    "156": 0.9033333333333335, 
    "157": 0.9033333333333335, 
    "158": 0.9033333333333335, 
    "159": 0.9066666666666666, 
    "160": 0.9033333333333333, 
    "161": 0.9033333333333335, 
    "162": 0.9033333333333335, 
    "163": 0.9066666666666668, 
    "164": 0.9066666666666668, 
    "165": 0.9066666666666668, 
    "166": 0.9066666666666668, 
    "167": 0.9066666666666668, 
    "168": 0.9033333333333335, 
    "169": 0.9066666666666668, 
    "170": 0.9166666666666667, 
    "171": 0.9166666666666667, 
    "172": 0.9166666666666667, 
    "173": 0.9166666666666667, 
    "174": 0.9166666666666667, 
    "175": 0.9166666666666667, 
    "176": 0.9166666666666667, 
    "177": 0.9233333333333335, 
    "178": 0.9200000000000002, 
    "179": 0.9200000000000002, 
    "180": 0.9233333333333335, 
    "181": 0.9233333333333335, 
    "182": 0.9266666666666667, 
    "183": 0.9266666666666667, 
    "184": 0.9266666666666667, 
    "185": 0.9266666666666667, 
    "186": 0.9266666666666667, 
    "187": 0.9266666666666667, 
    "188": 0.9266666666666667, 
    "189": 0.9333333333333333, 
    "190": 0.9333333333333333, 
    "191": 0.9366666666666668, 
    "192": 0.9433333333333334, 
    "193": 0.9433333333333334, 
    "194": 0.9466666666666667, 
    "195": 0.9433333333333334, 
    "196": 0.9333333333333333, 
    "197": 0.9366666666666668, 
    "198": 0.9366666666666668, 
    "199": 0.9366666666666668, 
    "200": 0.9400000000000001, 
    "201": 0.9400000000000001, 
    "202": 0.9400000000000001, 
    "203": 0.9400000000000001, 
    "204": 0.9400000000000001, 
    "205": 0.9400000000000001, 
    "206": 0.9400000000000001, 
    "207": 0.9400000000000001, 
    "208": 0.9400000000000001, 
    "209": 0.9400000000000001, 
    "210": 0.9433333333333334, 
    "211": 0.9466666666666667, 
    "212": 0.95, 
    "213": 0.95, 
    "214": 0.9533333333333334, 
    "215": 0.9533333333333334, 
    "216": 0.9566666666666667, 
    "217": 0.9566666666666667, 
    "218": 0.9566666666666667, 
    "219": 0.9566666666666667, 
    "220": 0.96, 
    "221": 0.96, 
    "222": 0.9633333333333333, 
    "223": 0.9633333333333333, 
    "224": 0.9633333333333333, 
    "225": 0.96, 
    "226": 0.96, 
    "227": 0.96, 
    "228": 0.9633333333333333, 
    "229": 0.9633333333333333, 
    "230": 0.9633333333333333, 
    "231": 0.9633333333333333, 
    "232": 0.9633333333333333, 
    "233": 0.9633333333333333, 
    "234": 0.9633333333333333, 
    "235": 0.96, 
    "236": 0.96, 
    "237": 0.96, 
    "238": 0.9633333333333333, 
    "239": 0.9633333333333333, 
    "240": 0.9633333333333333, 
    "241": 0.9633333333333333, 
    "242": 0.9633333333333333, 
    "243": 0.9666666666666668, 
    "244": 0.9666666666666668, 
    "245": 0.9666666666666668, 
    "246": 0.9666666666666668, 
    "247": 0.9666666666666668, 
    "248": 0.9633333333333333, 
    "249": 0.9600000000000002, 
    "250": 0.9600000000000002, 
    "251": 0.9600000000000002, 
    "252": 0.9533333333333334, 
    "253": 0.9533333333333334, 
    "254": 0.9533333333333334, 
    "255": 0.9533333333333334, 
    "256": 0.9533333333333334, 
    "257": 0.9533333333333334, 
    "258": 0.96, 
    "259": 0.96, 
    "260": 0.96, 
    "261": 0.96, 
    "262": 0.96, 
    "263": 0.96, 
    "264": 0.96, 
    "265": 0.9633333333333333,