{
    "0": 0.0, 
    "1": 0.0, 
    "2": 0.0, 
    "3": 0.0, 
    "4": 0.06666666666666667, 
    "5": 0.06666666666666667, 
    "6": 0.06666666666666667, 
    "7": 0.06666666666666667, 
    "8": 0.06666666666666667, 
    "9": 0.06666666666666667, 
    "10": 0.06666666666666667, 
    "11": 0.06666666666666667, 
    "12": 0.06666666666666667, 
    "13": 0.13333333333333333, 
    "14": 0.13333333333333333, 
    "15": 0.13333333333333333, 
    "16": 0.13333333333333333, 
    "17": 0.13333333333333333, 
    "18": 0.13333333333333333, 
    "19": 0.2, 
    "20": 0.2, 
    "21": 0.2, 
    "22": 0.13333333333333333, 
    "23": 0.13333333333333333, 
    "24": 0.13333333333333333, 
    "25": 0.13333333333333333, 
    "26": 0.13333333333333333, 
    "27": 0.13333333333333333, 
    "28": 0.13333333333333333, 
    "29": 0.13333333333333333, 
    "30": 0.13333333333333333, 
    "31": 0.2, 
    "32": 0.2, 
    "33": 0.2, 
    "34": 0.2, 
    "35": 0.2, 
    "36": 0.2, 
    "37": 0.26666666666666666, 
    "38": 0.3333333333333333, 
    "39": 0.3333333333333333, 
    "40": 0.3333333333333333, 
    "41": 0.3333333333333333, 
    "42": 0.3333333333333333, 
    "43": 0.3333333333333333, 
    "44": 0.3333333333333333, 
    "45": 0.3333333333333333, 
    "46": 0.3333333333333333, 
    "47": 0.3333333333333333, 
    "48": 0.26666666666666666, 
    "49": 0.26666666666666666, 
    "50": 0.26666666666666666, 
    "51": 0.3333333333333333, 
    "52": 0.3333333333333333, 
    "53": 0.26666666666666666, 
    "54": 0.26666666666666666, 
    "55": 0.26666666666666666, 
    "56": 0.26666666666666666, 
    "57": 0.26666666666666666, 
    "58": 0.26666666666666666, 
    "59": 0.26666666666666666, 
    "60": 0.26666666666666666, 
    "61": 0.3333333333333333, 
    "62": 0.3333333333333333, 
    "63": 0.4, 
    "64": 0.4666666666666667, 
    "65": 0.4666666666666667, 
    "66": 0.4666666666666667, 
    "67": 0.4666666666666667, 
    "68": 0.4666666666666667, 
    "69": 0.4666666666666667, 
    "70": 0.4666666666666667, 
    "71": 0.4666666666666667, 
    "72": 0.4666666666666667, 
    "73": 0.4666666666666667, 
    "74": 0.4666666666666667, 
    "75": 0.4666666666666667, 
    "76": 0.4666666666666667, 
    "77": 0.4666666666666667, 
    "78": 0.4666666666666667, 
    "79": 0.4, 
    "80": 0.4666666666666667, 
    "81": 0.4666666666666667, 
    "82": 0.4666666666666667, 
    "83": 0.4, 
    "84": 0.4, 
    "85": 0.4, 
    "86": 0.4, 
    "87": 0.4, 
    "88": 0.4, 
    "89": 0.4, 
    "90": 0.4, 
    "91": 0.4666666666666667, 
    "92": 0.4666666666666667, 
    "93": 0.4666666666666667, 
    "94": 0.4666666666666667, 
    "95": 0.4666666666666667, 
    "96": 0.4, 
    "97": 0.4, 
    "98": 0.4, 
    "99": 0.4, 
    "100": 0.4, 
    "101": 0.4666666666666667, 
    "102": 0.4666666666666667, 
    "103": 0.4666666666666667, 
    "104": 0.4666666666666667, 
    "105": 0.4, 
    "106": 0.4, 
    "107": 0.4, 
    "108": 0.4, 
    "109": 0.4, 
    "110": 0.4, 
    "111": 0.4, 
    "112": 0.4, 
    "113": 0.4, 
    "114": 0.4, 
    "115": 0.4, 
    "116": 0.4, 
    "117": 0.4, 
    "118": 0.4, 
    "119": 0.4, 
    "120": 0.4, 
    "121": 0.4, 
    "122": 0.4, 
    "123": 0.4, 
    "124": 0.4, 
    "125": 0.4, 
    "126": 0.4, 
    "127": 0.4, 
    "128": 0.4666666666666667, 
    "129": 0.4666666666666667, 
    "130": 0.5333333333333333, 
    "131": 0.4666666666666667, 
    "132": 0.4666666666666667, 
    "133": 0.5333333333333333, 
    "134": 0.5333333333333333, 
    "135": 0.5333333333333333, 
    "136": 0.5333333333333333, 
    "137": 0.5333333333333333, 
    "138": 0.5333333333333333, 
    "139": 0.5333333333333333, 
    "140": 0.5333333333333333, 
    "141": 0.6, 
    "142": 0.6, 
    "143": 0.6, 
    "144": 0.6, 
    "145": 0.5333333333333333, 
    "146": 0.5333333333333333, 
    "147": 0.5333333333333333, 
    "148": 0.5333333333333333, 
    "149": 0.5333333333333333, 
    "150": 0.6, 
    "151": 0.6, 
    "152": 0.6, 
    "153": 0.6, 
    "154": 0.5333333333333333, 
    "155": 0.5333333333333333, 
    "156": 0.5333333333333333, 
    "157": 0.5333333333333333, 
    "158": 0.5333333333333333, 
    "159": 0.6, 
    "160": 0.6, 
    "161": 0.6, 
    "162": 0.6, 
    "163": 0.6, 
    "164": 0.6, 
    "165": 0.6666666666666666, 
    "166": 0.6666666666666666, 
    "167": 0.6666666666666666, 
    "168": 0.6666666666666666, 
    "169": 0.6666666666666666, 
    "170": 0.6666666666666666, 
    "171": 0.6666666666666666, 
    "172": 0.6666666666666666, 
    "173": 0.6666666666666666, 
    "174": 0.6666666666666666, 
    "175": 0.6666666666666666, 
    "176": 0.6666666666666666, 
    "177": 0.6666666666666666, 
    "178": 0.6666666666666666, 
    "179": 0.6666666666666666, 
    "180": 0.6666666666666666, 
    "181": 0.6666666666666666, 
    "182": 0.6666666666666666, 
    "183": 0.6666666666666666, 
    "184": 0.6666666666666666, 
    "185": 0.6666666666666666, 
    "186": 0.6666666666666666, 
    "187": 0.6666666666666666, 
    "188": 0.6666666666666666, 
    "189": 0.6666666666666666, 
    "190": 0.6666666666666666, 
    "191": 0.6666666666666666, 
    "192": 0.6666666666666666, 
    "193": 0.6666666666666666, 
    "194": 0.6666666666666666, 
    "195": 0.6666666666666666, 
    "196": 0.6666666666666666, 
    "197": 0.6666666666666666, 
    "198": 0.6666666666666666, 
    "199": 0.6666666666666666, 
    "200": 0.6666666666666666, 
    "201": 0.6666666666666666, 
    "202": 0.6666666666666666, 
    "203": 0.6666666666666666, 
    "204": 0.6666666666666666, 
    "205": 0.6666666666666666, 
    "206": 0.6666666666666666, 
    "207": 0.6666666666666666, 
    "208": 0.6666666666666666, 
    "209": 0.6666666666666666, 
    "210": 0.6666666666666666, 
    "211": 0.6666666666666666, 
    "212": 0.6666666666666666, 
    "213": 0.6666666666666666, 
    "214": 0.7333333333333333, 
    "215": 0.6666666666666666, 
    "216": 0.6666666666666666, 
    "217": 0.6666666666666666, 
    "218": 0.6666666666666666, 
    "219": 0.6666666666666666, 
    "220": 0.6666666666666666, 
    "221": 0.6666666666666666, 
    "222": 0.6666666666666666, 
    "223": 0.7333333333333333, 
    "224": 0.7333333333333333, 
    "225": 0.7333333333333333, 
    "226": 0.7333333333333333, 
    "227": 0.7333333333333333, 
    "228": 0.7333333333333333, 
    "229": 0.7333333333333333, 
    "230": 0.7333333333333333, 
    "231": 0.7333333333333333, 
    "232": 0.7333333333333333, 
    "233": 0.7333333333333333, 
    "234": 0.7333333333333333, 
    "235": 0.7333333333333333, 
    "236": 0.7333333333333333, 
    "237": 0.7333333333333333, 
    "238": 0.7333333333333333, 
    "239": 0.7333333333333333, 
    "240": 0.7333333333333333, 
    "241": 0.7333333333333333, 
    "242": 0.7333333333333333, 
    "243": 0.7333333333333333, 
    "244": 0.7333333333333333, 
    "245": 0.7333333333333333, 
    "246": 0.7333333333333333, 
    "247": 0.7333333333333333, 
    "248": 0.7333333333333333, 
    "249": 0.7333333333333333, 
    "250": 0.7333333333333333, 
    "251": 0.7333333333333333, 
    "252": 0.7333333333333333, 
    "253": 0.7333333333333333, 
    "254": 0.7333333333333333, 
    "255": 0.7333333333333333, 
    "256": 0.7333333333333333, 
    "257": 0.7333333333333333, 
    "258": 0.8, 
    "259": 0.8, 
    "260": 0.8666666666666667, 
    "261": 0.8666666666666667, 
    "262": 0.9333333333333333, 
    "263": 0.9333333333333333, 
    "264": 0.9333333333333333, 
    "265": 0.9333333333333333, 
    "266": 0.8666666666666667, 
    "267": 0.8666666666666667, 
    "268": 0.8666666666666667, 
    "269": 0.8666666666666667, 
    "270": 0.8666666666666667, 
    "271": 0.8666666666666667, 
    "272": 0.8666666666666667, 
    "273": 0.8666666666666667, 
    "274": 0.8666666666666667, 
    "275": 0.8666666666666667, 
    "276": 0.8666666666666667, 
    "277": 0.8666666666666667, 
    "278": 0.8666666666666667, 
    "279": 0.8666666666666667, 
    "280": 0.8666666666666667, 
    "281": 0.8666666666666667, 
    "282": 0.8666666666666667,