{
    "0": 0.0, 
    "1": 0.0, 
    "2": 0.0, 
    "3": 0.0, 
    "4": 0.0, 
    "5": 0.06666666666666667, 
    "6": 0.06666666666666667, 
    "7": 0.13333333333333333, 
    "8": 0.2, 
    "9": 0.26666666666666666, 
    "10": 0.3333333333333333, 
    "11": 0.3333333333333333, 
    "12": 0.3333333333333333, 
    "13": 0.3333333333333333, 
    "14": 0.3333333333333333, 
    "15": 0.4, 
    "16": 0.4, 
    "17": 0.4, 
    "18": 0.4, 
    "19": 0.4666666666666667, 
    "20": 0.4666666666666667, 
    "21": 0.4666666666666667, 
    "22": 0.5333333333333333, 
    "23": 0.5333333333333333, 
    "24": 0.5333333333333333, 
    "25": 0.5333333333333333, 
    "26": 0.5333333333333333, 
    "27": 0.5333333333333333, 
    "28": 0.6, 
    "29": 0.6, 
    "30": 0.6, 
    "31": 0.6, 
    "32": 0.6, 
    "33": 0.6, 
    "34": 0.6666666666666666, 
    "35": 0.6666666666666666, 
    "36": 0.7333333333333333, 
    "37": 0.7333333333333333, 
    "38": 0.7333333333333333, 
    "39": 0.7333333333333333, 
    "40": 0.7333333333333333, 
    "41": 0.7333333333333333, 
    "42": 0.7333333333333333, 
    "43": 0.7333333333333333, 
    "44": 0.8, 
    "45": 0.8, 
    "46": 0.8, 
    "47": 0.8666666666666667, 
    "48": 0.8666666666666667, 
    "49": 0.8666666666666667, 
    "50": 0.8666666666666667, 
    "51": 0.8666666666666667, 
    "52": 0.8666666666666667, 
    "53": 0.8666666666666667, 
    "54": 0.8666666666666667, 
    "55": 0.8666666666666667, 
    "56": 0.8666666666666667, 
    "57": 0.8666666666666667, 
    "58": 0.8666666666666667, 
    "59": 0.8666666666666667, 
    "60": 0.8666666666666667, 
    "61": 0.8666666666666667, 
    "62": 0.8666666666666667, 
    "63": 0.8666666666666667, 
    "64": 0.8666666666666667, 
    "65": 0.8666666666666667, 
    "66": 0.8666666666666667, 
    "67": 0.8666666666666667, 
    "68": 0.8666666666666667, 
    "69": 0.8666666666666667, 
    "70": 0.8666666666666667, 
    "71": 0.8666666666666667, 
    "72": 0.8666666666666667, 
    "73": 0.8666666666666667, 
    "74": 0.8666666666666667, 
    "75": 0.8666666666666667, 
    "76": 0.8666666666666667, 
    "77": 0.8666666666666667, 
    "78": 0.8666666666666667, 
    "79": 0.8666666666666667, 
    "80": 0.8666666666666667, 
    "81": 0.8666666666666667, 
    "82": 0.8666666666666667, 
    "83": 0.8666666666666667, 
    "84": 0.9333333333333333, 
    "85": 0.9333333333333333, 
    "86": 0.9333333333333333, 
    "87": 0.9333333333333333, 
    "88": 0.9333333333333333, 
    "89": 0.9333333333333333, 
    "90": 0.9333333333333333, 
    "91": 0.9333333333333333, 
    "92": 0.9333333333333333, 
    "93": 0.9333333333333333, 
    "94": 0.9333333333333333, 
    "95": 0.9333333333333333, 
    "96": 0.9333333333333333, 
    "97": 0.9333333333333333, 
    "98": 0.9333333333333333, 
    "99": 0.9333333333333333, 
    "100": 0.9333333333333333, 
    "101": 0.9333333333333333, 
    "102": 0.9333333333333333, 
    "103": 0.9333333333333333, 
    "104": 0.9333333333333333, 
    "105": 0.9333333333333333, 
    "106": 0.9333333333333333, 
    "107": 0.9333333333333333, 
    "108": 0.9333333333333333, 
    "109": 0.9333333333333333, 
    "110": 0.9333333333333333, 
    "111": 0.9333333333333333, 
    "112": 0.9333333333333333, 
    "113": 0.9333333333333333, 
    "114": 0.9333333333333333, 
    "115": 0.9333333333333333, 
    "116": 0.9333333333333333, 
    "117": 0.9333333333333333, 
    "118": 0.9333333333333333, 
    "119": 0.9333333333333333, 
    "120": 0.9333333333333333, 
    "121": 0.9333333333333333, 
    "122": 0.9333333333333333, 
    "123": 0.9333333333333333, 
    "124": 0.9333333333333333, 
    "125": 0.9333333333333333, 
    "126": 0.9333333333333333, 
    "127": 0.9333333333333333, 
    "128": 0.9333333333333333, 
    "129": 0.9333333333333333, 
    "130": 0.9333333333333333, 
    "131": 1.0, 
    "132": 1.0, 
    "133": 1.0, 
    "134": 1.0, 
    "135": 1.0, 
    "136": 1.0
}