{
    "0": 0.0, 
    "1": 0.02222222222222222, 
    "2": 0.035555555555555556, 
    "3": 0.04, 
    "4": 0.06666666666666667, 
    "5": 0.08888888888888888, 
    "6": 0.10666666666666667, 
    "7": 0.12000000000000001, 
    "8": 0.12000000000000001, 
    "9": 0.13333333333333333, 
    "10": 0.14222222222222222, 
    "11": 0.16, 
    "12": 0.16444444444444445, 
    "13": 0.17777777777777778, 
    "14": 0.17777777777777778, 
    "15": 0.18222222222222226, 
    "16": 0.20000000000000004, 
    "17": 0.21333333333333337, 
    "18": 0.2266666666666667, 
    "19": 0.23111111111111118, 
    "20": 0.24000000000000007, 
    "21": 0.2533333333333334, 
    "22": 0.27111111111111114, 
    "23": 0.28444444444444444, 
    "24": 0.30666666666666664, 
    "25": 0.32, 
    "26": 0.3333333333333333, 
    "27": 0.34222222222222226, 
    "28": 0.3466666666666667, 
    "29": 0.3555555555555555, 
    "30": 0.3555555555555555, 
    "31": 0.3644444444444445, 
    "32": 0.3777777777777778, 
    "33": 0.4000000000000001, 
    "34": 0.4044444444444445, 
    "35": 0.4222222222222223, 
    "36": 0.4311111111111111, 
    "37": 0.4355555555555556, 
    "38": 0.45777777777777773, 
    "39": 0.4666666666666667, 
    "40": 0.4799999999999999, 
    "41": 0.4799999999999999, 
    "42": 0.4844444444444444, 
    "43": 0.4933333333333333, 
    "44": 0.49777777777777776, 
    "45": 0.52, 
    "46": 0.5244444444444444, 
    "47": 0.5288888888888889, 
    "48": 0.5377777777777778, 
    "49": 0.5422222222222222, 
    "50": 0.5422222222222222, 
    "51": 0.5422222222222222, 
    "52": 0.5466666666666666, 
    "53": 0.5511111111111112, 
    "54": 0.56, 
    "55": 0.5644444444444444, 
    "56": 0.5777777777777778, 
    "57": 0.5822222222222223, 
    "58": 0.6088888888888888, 
    "59": 0.6044444444444445, 
    "60": 0.6133333333333333, 
    "61": 0.6177777777777778, 
    "62": 0.64, 
    "63": 0.6488888888888888, 
    "64": 0.6622222222222222, 
    "65": 0.671111111111111, 
    "66": 0.6755555555555554, 
    "67": 0.6799999999999999, 
    "68": 0.6799999999999999, 
    "69": 0.6844444444444444, 
    "70": 0.6888888888888888, 
    "71": 0.6977777777777778, 
    "72": 0.7066666666666667, 
    "73": 0.711111111111111, 
    "74": 0.7155555555555555, 
    "75": 0.7200000000000001, 
    "76": 0.7200000000000001, 
    "77": 0.7288888888888889, 
    "78": 0.7244444444444443, 
    "79": 0.7288888888888889, 
    "80": 0.7333333333333333, 
    "81": 0.7377777777777778, 
    "82": 0.7555555555555558, 
    "83": 0.7511111111111113, 
    "84": 0.7511111111111113, 
    "85": 0.7511111111111113, 
    "86": 0.7555555555555558, 
    "87": 0.7555555555555556, 
    "88": 0.7644444444444445, 
    "89": 0.7644444444444445, 
    "90": 0.7777777777777779, 
    "91": 0.7822222222222223, 
    "92": 0.7866666666666667, 
    "93": 0.7911111111111111, 
    "94": 0.7911111111111111, 
    "95": 0.7866666666666667, 
    "96": 0.7866666666666667, 
    "97": 0.7822222222222222, 
    "98": 0.7866666666666666, 
    "99": 0.7866666666666666, 
    "100": 0.7911111111111111, 
    "101": 0.7955555555555556, 
    "102": 0.8, 
    "103": 0.8044444444444445, 
    "104": 0.8044444444444445, 
    "105": 0.808888888888889, 
    "106": 0.808888888888889, 
    "107": 0.808888888888889, 
    "108": 0.8177777777777778, 
    "109": 0.8266666666666667, 
    "110": 0.8266666666666667, 
    "111": 0.8266666666666667, 
    "112": 0.8311111111111111, 
    "113": 0.8311111111111111, 
    "114": 0.8311111111111111, 
    "115": 0.8355555555555555, 
    "116": 0.8355555555555555, 
    "117": 0.8355555555555555, 
    "118": 0.84, 
    "119": 0.84, 
    "120": 0.8488888888888888, 
    "121": 0.8488888888888888, 
    "122": 0.8533333333333333, 
    "123": 0.8533333333333333, 
    "124": 0.8577777777777776, 
    "125": 0.8577777777777776, 
    "126": 0.8622222222222221, 
    "127": 0.8622222222222221, 
    "128": 0.8622222222222221, 
    "129": 0.8622222222222221, 
    "130": 0.8622222222222221, 
    "131": 0.8666666666666667, 
    "132": 0.8666666666666667, 
    "133": 0.8666666666666667, 
    "134": 0.8666666666666667, 
    "135": 0.8666666666666667, 
    "136": 0.8666666666666667, 
    "137": 0.8622222222222222, 
    "138": 0.8622222222222222, 
    "139": 0.8666666666666667, 
    "140": 0.8711111111111111, 
    "141": 0.8755555555555555, 
    "142": 0.8755555555555555, 
    "143": 0.8755555555555555, 
    "144": 0.8755555555555555, 
    "145": 0.8755555555555555, 
    "146": 0.8844444444444444, 
    "147": 0.8844444444444444, 
    "148": 0.8888888888888888, 
    "149": 0.8933333333333333, 
    "150": 0.8933333333333333, 
    "151": 0.8977777777777779, 
    "152": 0.8977777777777779, 
    "153": 0.8977777777777779, 
    "154": 0.8977777777777779, 
    "155": 0.8977777777777779, 
    "156": 0.8977777777777779, 
    "157": 0.9066666666666667, 
    "158": 0.9066666666666667, 
    "159": 0.9066666666666667, 
    "160": 0.9066666666666667, 
    "161": 0.9066666666666667, 
    "162": 0.9066666666666667, 
    "163": 0.9066666666666667, 
    "164": 0.9066666666666667, 
    "165": 0.9066666666666667, 
    "166": 0.9066666666666667, 
    "167": 0.9066666666666667, 
    "168": 0.9066666666666667, 
    "169": 0.9111111111111112, 
    "170": 0.9111111111111112, 
    "171": 0.9111111111111112, 
    "172": 0.9111111111111112, 
    "173": 0.9111111111111112, 
    "174": 0.9111111111111112, 
    "175": 0.9111111111111112, 
    "176": 0.9111111111111112, 
    "177": 0.9111111111111112, 
    "178": 0.9066666666666667, 
    "179": 0.9066666666666667, 
    "180": 0.9066666666666667, 
    "181": 0.9066666666666667, 
    "182": 0.9066666666666667, 
    "183": 0.9066666666666667, 
    "184": 0.9066666666666667, 
    "185": 0.9066666666666667, 
    "186": 0.9066666666666667, 
    "187": 0.9066666666666667, 
    "188": 0.9066666666666667, 
    "189": 0.9066666666666667, 
    "190": 0.9066666666666667, 
    "191": 0.9066666666666667, 
    "192": 0.9066666666666667, 
    "193": 0.9066666666666667, 
    "194": 0.9066666666666667, 
    "195": 0.9111111111111112, 
    "196": 0.9111111111111112, 
    "197": 0.9111111111111112, 
    "198": 0.9111111111111112, 
    "199": 0.9155555555555556, 
    "200": 0.9155555555555556, 
    "201": 0.9155555555555556, 
    "202": 0.9155555555555556, 
    "203": 0.9155555555555556, 
    "204": 0.9155555555555556, 
    "205": 0.9155555555555556, 
    "206": 0.9155555555555556, 
    "207": 0.9155555555555556, 
    "208": 0.9155555555555556, 
    "209": 0.9111111111111112, 
    "210": 0.9111111111111112, 
    "211": 0.9111111111111112, 
    "212": 0.9111111111111112, 
    "213": 0.9111111111111112, 
    "214": 0.9111111111111112, 
    "215": 0.9111111111111112, 
    "216": 0.9155555555555556, 
    "217": 0.9155555555555556, 
    "218": 0.9155555555555556, 
    "219": 0.9155555555555556, 
    "220": 0.9155555555555556, 
    "221": 0.92, 
    "222": 0.92, 
    "223": 0.9244444444444446, 
    "224": 0.9244444444444446, 
    "225": 0.928888888888889, 
    "226": 0.928888888888889, 
    "227": 0.928888888888889, 
    "228": 0.928888888888889, 
    "229": 0.928888888888889, 
    "230": 0.9333333333333335, 
    "231": 0.9333333333333335, 
    "232": 0.9333333333333335, 
    "233": 0.9333333333333335, 
    "234": 0.9333333333333335, 
    "235": 0.9333333333333335, 
    "236": 0.9333333333333335, 
    "237": 0.9333333333333335, 
    "238": 0.9333333333333335, 
    "239": 0.937777777777778, 
    "240": 0.937777777777778, 
    "241": 0.937777777777778, 
    "242": 0.937777777777778, 
    "243": 0.9466666666666669, 
    "244": 0.9466666666666669, 
    "245": 0.9466666666666669, 
    "246": 0.9466666666666669, 
    "247": 0.9466666666666669, 
    "248": 0.9466666666666669, 
    "249": 0.9466666666666669, 
    "250": 0.9511111111111112, 
    "251": 0.9511111111111112, 
    "252": 0.9511111111111112, 
    "253": 0.9511111111111112, 
    "254": 0.9511111111111112, 
    "255": 0.9511111111111112, 
    "256": 0.9511111111111112, 
    "257": 0.9511111111111112,