{
    "0": 0.0, 
    "1": 0.0, 
    "2": 0.0, 
    "3": 0.0, 
    "4": 0.0, 
    "5": 0.0, 
    "6": 0.06666666666666667, 
    "7": 0.06666666666666667, 
    "8": 0.06666666666666667, 
    "9": 0.06666666666666667, 
    "10": 0.06666666666666667, 
    "11": 0.06666666666666667, 
    "12": 0.06666666666666667, 
    "13": 0.06666666666666667, 
    "14": 0.06666666666666667, 
    "15": 0.06666666666666667, 
    "16": 0.06666666666666667, 
    "17": 0.06666666666666667, 
    "18": 0.06666666666666667, 
    "19": 0.06666666666666667, 
    "20": 0.06666666666666667, 
    "21": 0.06666666666666667, 
    "22": 0.06666666666666667, 
    "23": 0.06666666666666667, 
    "24": 0.06666666666666667, 
    "25": 0.06666666666666667, 
    "26": 0.06666666666666667, 
    "27": 0.06666666666666667, 
    "28": 0.06666666666666667, 
    "29": 0.06666666666666667, 
    "30": 0.06666666666666667, 
    "31": 0.06666666666666667, 
    "32": 0.13333333333333333, 
    "33": 0.13333333333333333, 
    "34": 0.13333333333333333, 
    "35": 0.13333333333333333, 
    "36": 0.13333333333333333, 
    "37": 0.13333333333333333, 
    "38": 0.13333333333333333, 
    "39": 0.13333333333333333, 
    "40": 0.13333333333333333, 
    "41": 0.13333333333333333, 
    "42": 0.13333333333333333, 
    "43": 0.2, 
    "44": 0.2, 
    "45": 0.2, 
    "46": 0.2, 
    "47": 0.2, 
    "48": 0.2, 
    "49": 0.2, 
    "50": 0.2, 
    "51": 0.2, 
    "52": 0.2, 
    "53": 0.26666666666666666, 
    "54": 0.26666666666666666, 
    "55": 0.26666666666666666, 
    "56": 0.26666666666666666, 
    "57": 0.26666666666666666, 
    "58": 0.26666666666666666, 
    "59": 0.3333333333333333, 
    "60": 0.3333333333333333, 
    "61": 0.3333333333333333, 
    "62": 0.3333333333333333, 
    "63": 0.3333333333333333, 
    "64": 0.3333333333333333, 
    "65": 0.3333333333333333, 
    "66": 0.3333333333333333, 
    "67": 0.3333333333333333, 
    "68": 0.3333333333333333, 
    "69": 0.3333333333333333, 
    "70": 0.4, 
    "71": 0.4, 
    "72": 0.4, 
    "73": 0.4, 
    "74": 0.4, 
    "75": 0.4, 
    "76": 0.4666666666666667, 
    "77": 0.5333333333333333, 
    "78": 0.5333333333333333, 
    "79": 0.5333333333333333, 
    "80": 0.5333333333333333, 
    "81": 0.6, 
    "82": 0.6, 
    "83": 0.6, 
    "84": 0.6, 
    "85": 0.6, 
    "86": 0.6, 
    "87": 0.6, 
    "88": 0.6, 
    "89": 0.6, 
    "90": 0.6, 
    "91": 0.6, 
    "92": 0.6, 
    "93": 0.6, 
    "94": 0.6, 
    "95": 0.6, 
    "96": 0.6, 
    "97": 0.6, 
    "98": 0.6, 
    "99": 0.6, 
    "100": 0.6, 
    "101": 0.6, 
    "102": 0.6, 
    "103": 0.6, 
    "104": 0.6, 
    "105": 0.6, 
    "106": 0.6, 
    "107": 0.6, 
    "108": 0.6, 
    "109": 0.6, 
    "110": 0.6, 
    "111": 0.6, 
    "112": 0.6, 
    "113": 0.6, 
    "114": 0.6, 
    "115": 0.6, 
    "116": 0.6, 
    "117": 0.6, 
    "118": 0.6, 
    "119": 0.6, 
    "120": 0.6, 
    "121": 0.6, 
    "122": 0.6, 
    "123": 0.6, 
    "124": 0.6, 
    "125": 0.6, 
    "126": 0.6666666666666666, 
    "127": 0.6666666666666666, 
    "128": 0.6666666666666666, 
    "129": 0.6666666666666666, 
    "130": 0.6666666666666666, 
    "131": 0.6, 
    "132": 0.6, 
    "133": 0.6, 
    "134": 0.6, 
    "135": 0.6, 
    "136": 0.6, 
    "137": 0.6, 
    "138": 0.6, 
    "139": 0.6, 
    "140": 0.6, 
    "141": 0.6, 
    "142": 0.6, 
    "143": 0.6, 
    "144": 0.6, 
    "145": 0.6, 
    "146": 0.6, 
    "147": 0.6, 
    "148": 0.6, 
    "149": 0.6, 
    "150": 0.6, 
    "151": 0.6, 
    "152": 0.6, 
    "153": 0.6666666666666666, 
    "154": 0.6666666666666666, 
    "155": 0.6, 
    "156": 0.6, 
    "157": 0.6, 
    "158": 0.6, 
    "159": 0.6, 
    "160": 0.6, 
    "161": 0.6, 
    "162": 0.6, 
    "163": 0.6, 
    "164": 0.6, 
    "165": 0.6, 
    "166": 0.6, 
    "167": 0.6, 
    "168": 0.6, 
    "169": 0.6, 
    "170": 0.6, 
    "171": 0.6, 
    "172": 0.6, 
    "173": 0.6, 
    "174": 0.6, 
    "175": 0.6, 
    "176": 0.6, 
    "177": 0.6, 
    "178": 0.6, 
    "179": 0.6, 
    "180": 0.6, 
    "181": 0.6, 
    "182": 0.6, 
    "183": 0.6, 
    "184": 0.6, 
    "185": 0.6, 
    "186": 0.6, 
    "187": 0.6, 
    "188": 0.6, 
    "189": 0.6, 
    "190": 0.6, 
    "191": 0.6, 
    "192": 0.6, 
    "193": 0.6, 
    "194": 0.6, 
    "195": 0.6, 
    "196": 0.6, 
    "197": 0.6, 
    "198": 0.6, 
    "199": 0.6, 
    "200": 0.6, 
    "201": 0.6, 
    "202": 0.6, 
    "203": 0.6, 
    "204": 0.6, 
    "205": 0.6, 
    "206": 0.6, 
    "207": 0.6, 
    "208": 0.6, 
    "209": 0.6, 
    "210": 0.6, 
    "211": 0.6, 
    "212": 0.6, 
    "213": 0.6, 
    "214": 0.6, 
    "215": 0.6, 
    "216": 0.6, 
    "217": 0.6, 
    "218": 0.6, 
    "219": 0.6, 
    "220": 0.6, 
    "221": 0.6, 
    "222": 0.6, 
    "223": 0.6, 
    "224": 0.6, 
    "225": 0.6, 
    "226": 0.6, 
    "227": 0.6, 
    "228": 0.6, 
    "229": 0.6, 
    "230": 0.6, 
    "231": 0.6, 
    "232": 0.6, 
    "233": 0.6, 
    "234": 0.6, 
    "235": 0.6, 
    "236": 0.6, 
    "237": 0.6, 
    "238": 0.6, 
    "239": 0.6, 
    "240": 0.6, 
    "241": 0.6, 
    "242": 0.6, 
    "243": 0.6, 
    "244": 0.6, 
    "245": 0.6, 
    "246": 0.6, 
    "247": 0.6, 
    "248": 0.6, 
    "249": 0.6, 
    "250": 0.6, 
    "251": 0.6, 
    "252": 0.6, 
    "253": 0.6, 
    "254": 0.6, 
    "255": 0.6, 
    "256": 0.6, 
    "257": 0.6, 
    "258": 0.6, 
    "259": 0.6, 
    "260": 0.6, 
    "261": 0.6, 
    "262": 0.6, 
    "263": 0.6, 
    "264": 0.6, 
    "265": 0.6, 
    "266": 0.6, 
    "267": 0.6, 
    "268": 0.6, 
    "269": 0.6, 
    "270": 0.6, 
    "271": 0.6, 
    "272": 0.6, 
    "273": 0.5333333333333333, 
    "274": 0.6, 
    "275": 0.6, 
    "276": 0.6, 
    "277": 0.6, 
    "278": 0.6, 
    "279": 0.6, 
    "280": 0.6, 
    "281": 0.6, 
    "282": 0.6, 
    "283": 0.6, 
    "284": 0.6, 
    "285": 0.6, 
    "286": 0.6, 
    "287": 0.6, 
    "288": 0.6, 
    "289": 0.6, 
    "290": 0.6, 
    "291": 0.6, 
    "292": 0.6, 
    "293": 0.6, 
    "294": 0.6, 
    "295": 0.6, 
    "296": 0.6, 
    "297": 0.6, 
    "298": 0.6, 
    "299": 0.6, 
    "300": 0.6, 
    "301": 0.6, 
    "302": 0.6, 
    "303": 0.6, 
    "304": 0.6, 
    "305": 0.6, 
    "306": 0.6, 
    "307": 0.6, 
    "308": 0.6, 
    "309": 0.6, 
    "310": 0.6, 
    "311": 0.6, 
    "312": 0.6, 
    "313": 0.6, 
    "314": 0.6, 
    "315": 0.6, 
    "316": 0.6, 
    "317": 0.6, 
    "318": 0.6, 
    "319": 0.6, 
    "320": 0.6, 
    "321": 0.6, 
    "322": 0.6, 
    "323": 0.6, 
    "324": 0.6, 
    "325": 0.6, 
    "326": 0.6, 
    "327": 0.6, 
    "328": 0.6, 
    "329": 0.6, 
    "330": 0.6, 
    "331": 0.6, 
    "332": 0.6, 
    "333": 0.6, 
    "334": 0.6, 
    "335": 0.6, 
    "336": 0.6, 
    "337": 0.6, 
    "338": 0.6, 
    "339": 0.6, 
    "340": 0.6, 
    "341": 0.6, 
    "342": 0.6, 
    "343": 0.6, 
    "344": 0.6, 
    "345": 0.6, 
    "346": 0.6, 
    "347": 0.6, 
    "348": 0.6, 
    "349": 0.6, 
    "350": 0.6, 
    "351": 0.6, 
    "352": 0.6, 
    "353": 0.6, 
    "354": 0.6, 
    "355": 0.6, 
    "356": 0.6, 
    "357": 0.6, 
    "358": 0.6, 
    "359": 0.6, 
    "360": 0.6, 
    "361": 0.6, 
    "362": 0.6, 
    "363": 0.6, 
    "364": 0.6, 
    "365": 0.6, 
    "366": 0.6, 
    "367": 0.6, 
    "368": 0.6, 
    "369": 0.6, 
    "370": 0.6, 
    "371": 0.6, 
    "372": 0.6, 
    "373": 0.6, 
    "374": 0.6, 
    "375": 0.6, 
    "376": 0.6, 
    "377": 0.6, 
    "378": 0.6, 
    "379": 0.6, 
    "380": 0.6, 
    "381": 0.6, 
    "382": 0.6, 
    "383": 0.6, 
    "384": 0.6, 
    "385": 0.6, 
    "386": 0.6, 
    "387": 0.6, 
    "388": 0.6, 
    "389": 0.6, 
    "390": 0.6, 
    "391": 0.6, 
    "392": 0.6, 
    "393": 0.6, 
    "394": 0.6, 
    "395": 0.6, 
    "396": 0.6, 
    "397": 0.6, 
    "398": 0.6, 
    "399": 0.6, 
    "400": 0.6666666666666666, 
    "401": 0.6666666666666666, 
    "402": 0.6, 
    "403": 0.6, 
    "404": 0.6, 
    "405": 0.6666666666666666, 
    "406": 0.6666666666666666, 
    "407": 0.6666666666666666, 
    "408": 0.6666666666666666,