{
    "0": 0.0, 
    "1": 0.0, 
    "2": 0.0, 
    "3": 0.06666666666666667, 
    "4": 0.13333333333333333, 
    "5": 0.13333333333333333, 
    "6": 0.2, 
    "7": 0.2, 
    "8": 0.2, 
    "9": 0.26666666666666666, 
    "10": 0.26666666666666666, 
    "11": 0.26666666666666666, 
    "12": 0.26666666666666666, 
    "13": 0.26666666666666666, 
    "14": 0.26666666666666666, 
    "15": 0.3333333333333333, 
    "16": 0.3333333333333333, 
    "17": 0.4, 
    "18": 0.4, 
    "19": 0.4, 
    "20": 0.4, 
    "21": 0.4, 
    "22": 0.4, 
    "23": 0.4, 
    "24": 0.4, 
    "25": 0.4, 
    "26": 0.4, 
    "27": 0.4666666666666667, 
    "28": 0.4666666666666667, 
    "29": 0.5333333333333333, 
    "30": 0.5333333333333333, 
    "31": 0.5333333333333333, 
    "32": 0.5333333333333333, 
    "33": 0.5333333333333333, 
    "34": 0.5333333333333333, 
    "35": 0.5333333333333333, 
    "36": 0.5333333333333333, 
    "37": 0.5333333333333333, 
    "38": 0.6, 
    "39": 0.6, 
    "40": 0.6, 
    "41": 0.6, 
    "42": 0.6, 
    "43": 0.6, 
    "44": 0.6, 
    "45": 0.6, 
    "46": 0.6666666666666666, 
    "47": 0.6666666666666666, 
    "48": 0.6666666666666666, 
    "49": 0.6666666666666666, 
    "50": 0.7333333333333333, 
    "51": 0.7333333333333333, 
    "52": 0.7333333333333333, 
    "53": 0.7333333333333333, 
    "54": 0.7333333333333333, 
    "55": 0.7333333333333333, 
    "56": 0.7333333333333333, 
    "57": 0.7333333333333333, 
    "58": 0.7333333333333333, 
    "59": 0.7333333333333333, 
    "60": 0.7333333333333333, 
    "61": 0.7333333333333333, 
    "62": 0.7333333333333333, 
    "63": 0.7333333333333333, 
    "64": 0.7333333333333333, 
    "65": 0.7333333333333333, 
    "66": 0.7333333333333333, 
    "67": 0.8, 
    "68": 0.8, 
    "69": 0.8, 
    "70": 0.8, 
    "71": 0.8, 
    "72": 0.8, 
    "73": 0.8, 
    "74": 0.8, 
    "75": 0.8, 
    "76": 0.8, 
    "77": 0.8, 
    "78": 0.8, 
    "79": 0.8, 
    "80": 0.8, 
    "81": 0.8, 
    "82": 0.8, 
    "83": 0.8, 
    "84": 0.8, 
    "85": 0.8, 
    "86": 0.8, 
    "87": 0.8, 
    "88": 0.8, 
    "89": 0.8, 
    "90": 0.8, 
    "91": 0.8, 
    "92": 0.8666666666666667, 
    "93": 0.8666666666666667, 
    "94": 0.8666666666666667, 
    "95": 0.8666666666666667, 
    "96": 0.9333333333333333, 
    "97": 1.0, 
    "98": 1.0, 
    "99": 1.0, 
    "100": 1.0, 
    "101": 1.0
}